<?xml version="1.0" encoding="UTF-8"?>
<project-private xmlns="http://www.netbeans.org/ns/project-private/1">
    <editor-bookmarks xmlns="http://www.netbeans.org/ns/editor-bookmarks/2" lastBookmarkId="0"/>
    <open-files xmlns="http://www.netbeans.org/ns/projectui-open-files/2">
        <group>
            <file>file:/Users/macstudent/Desktop/Project/src/project/Project.java</file>
            <file>file:/Users/macstudent/Desktop/Project/src/project/PartTime.java</file>
            <file>file:/Users/macstudent/Desktop/Project/src/project/Car.java</file>
            <file>file:/Users/macstudent/Desktop/Project/src/project/CommissionBasedPartTime.java</file>
            <file>file:/Users/macstudent/Desktop/Project/src/project/Vehicle.java</file>
            <file>file:/Users/macstudent/Desktop/Project/src/project/FixedBasedPartTime.java</file>
            <file>file:/Users/macstudent/Desktop/Project/src/project/FullTime.java</file>
            <file>file:/Users/macstudent/Desktop/Project/src/project/Intern.java</file>
            <file>file:/Users/macstudent/Desktop/Project/src/project/MotorCycle.java</file>
            <file>file:/Users/macstudent/Desktop/Project/src/project/IPrintable.java</file>
            <file>file:/Users/macstudent/Desktop/Project/src/project/Employee.java</file>
        </group>
    </open-files>
</project-private>
